{"Easy": [17.115934133529663, 10.677007675170898, 9.084523677825928, 14.63242483139038, 6.6143646240234375, 5.908047914505005, 7.356507062911987, 0.0002853870391845703, 11.329692840576172, 9.765321969985962, 7.80473780632019, 9.4445641040802, 10.406747341156006, 9.654886960983276, 15.507283449172974, 6.44407844543457], "Medium": [22.45004415512085, 25.7473042011261, 10.216428279876709, 10.80452561378479], "Expert": [20.2225821018219, 18.640403270721436], "Hard": [16.129750728607178]}